Time,Time Code,Country Name,Country Code,"Adolescent fertility rate (births per 1,000 women ages 15-19) [SP.ADO.TFRT]","Life expectancy at birth, total (years) [SP.DYN.LE00.IN]","Mortality rate, neonatal (per 1,000 live births) [SH.DYN.NMRT]",GDP per capita (current US$) [NY.GDP.PCAP.CD],CO2 emissions (metric tons per capita) [EN.ATM.CO2E.PC],"Current health expenditure per capita, PPP (current international $) [SH.XPD.CHEX.PP.CD]",Electric power consumption (kWh per capita) [EG.USE.ELEC.KH.PC],"Out-of-pocket expenditure per capita, PPP (current international $) [SH.XPD.OOPC.PP.CD]",Adjusted net national income per capita (current US$) [NY.ADJ.NNTY.PC.CD]
2000,YR2000,Afghanistan,AFG,153.951,55.841,60.9,..,0.0365737041708027,..,..,..,..
2000,YR2000,Albania,ALB,19.0372,73.955,12.1,1126.68334010717,1.026213108529,275.79718018,1449.64741324695,166.58788586,1037.50539788078
2000,YR2000,Algeria,DZA,11.7556,70.64,21.1,1765.02714611601,2.57874448356462,294.70330811,683.294806257204,76.01728371,1280.12758205588
2000,YR2000,American Samoa,ASM,..,..,..,..,..,..,..,..,..
2000,YR2000,Andorra,AND,..,..,3.8,21854.2468030614,7.95228628230616,1936.80212402,..,300.53808445,..
2000,YR2000,Angola,AGO,196.6992,46.522,50.3,556.83618223535,0.988077382561056,62.69586563,75.2646598815027,17.11891028,208.198292199421
2000,YR2000,Antigua and Barbuda,ATG,61.9748,73.94,9.7,10872.2929515751,4.34170536924231,794.05975342,..,176.47406744,..
2000,YR2000,Argentina,ARG,66.3552,73.576,11,7708.09911454041,3.58739203786108,1067.82861328,2088.80762975662,310.78438415,6445.7350235875
2000,YR2000,Armenia,ARM,39.3926,71.409,16.1,622.740922945281,1.15976136281082,111.53931427,1297.56446856053,69.16658908,541.715995976188
2000,YR2000,Aruba,ABW,43.593,73.787,..,20614.7993478518,..,..,..,..,18246.2204954601
2000,YR2000,Australia,AUS,17.9326,79.2341463414634,3.5,21697.7084797731,17.7230721035869,2155.34155273,10193.9121808594,452.56006737,17064.0399129089
2000,YR2000,Austria,AUT,13.9232,78.1268292682927,3.1,24625.6007227434,7.92978551259517,2708.02954102,7076.26948339438,482.63096078,20326.2441359241
2000,YR2000,Azerbaijan,AZE,36.5066,66.763,34.3,655.119945170816,3.44034987451234,100.59249878,2040.4790895311,69.01441504,391.570953355529
2000,YR2000,"Bahamas, The",BHS,51.222,71.914,8,27098.1563186767,7.48209163045849,1054.58325195,..,287.13152919,24838.2689455595
2000,YR2000,Bahrain,BHR,17.583,74.44,4.7,13636.4167499288,23.8937121018342,1502.3873291,20014.7454898361,387.49881564,9334.24667533895
2000,YR2000,Bangladesh,BGD,112.2538,65.447,44,418.068942112038,0.169593941656331,28.25704193,104.607736576381,17.26373137,398.007724114109
2000,YR2000,Barbados,BRB,51.1212,77.162,9.3,11268.4200640121,4.56703411648147,677.41107178,..,266.72893385,9864.33354745576
2000,YR2000,Belarus,BLR,27.783,68.9121951219512,6,1276.2880341,5.30481652088609,320.86871338,2996.30947501957,51.42999359,1091.51657216491
2000,YR2000,Belgium,BEL,10.6408,77.7219512195122,3,23098.8865077401,11.4395805389587,2226.14428711,8247.67711254725,450.28731863,19774.6232949655
2000,YR2000,Belize,BLZ,97.2162,68.847,12,3364.49173102584,1.81957866645101,219.25671387,..,81.79722149,2651.80920385079
2000,YR2000,Benin,BEN,118.5246,55.391,39,512.673901962619,0.2068178223365,54.59894562,58.1128951494812,28.59346514,409.305389359278
2000,YR2000,Bermuda,BMU,..,77.8853658536585,..,56284.1686478094,..,..,..,..,..
2000,YR2000,Bhutan,BTN,77.1602,60.884,31.8,718.196336969414,0.355321532146447,115.98996735,..,13.38680179,636.90573602816
2000,YR2000,Bolivia,BOL,86.5276,62.452,29.6,997.581750795456,0.975259762397737,151.10050964,415.881172735016,50.62970348,862.358625732684
2000,YR2000,Bosnia and Herzegovina,BIH,21.4168,74.403,6.9,1484.17605712863,3.72149960439073,351.18783569,2030.29663230944,138.69509696,1487.77912304048
2000,YR2000,Botswana,BWA,59.1762,50.629,16.6,3522.3108214571,2.45233315463147,511.87954712,1155.57832770351,56.21947222,2866.59317576666
2000,YR2000,Brazil,BRA,82.21,70.116,18.5,3749.91084752888,1.79454998368073,755.17840576,1897.3531483339,276.33654855,3211.67779198211
2000,YR2000,British Virgin Islands,VGB,..,..,..,..,..,..,..,..,..
2000,YR2000,Brunei Darussalam,BRN,27.4754,72.809,5,18012.5021948953,14.1671118901689,1875.74145508,7545.78798556876,296.95449619,12540.5517692877
2000,YR2000,Bulgaria,BGR,44.808,71.6634146341463,7.9,1621.24296080247,5.31445360024244,373.59814453,3673.60687143429,150.84287428,1373.51876774311
2000,YR2000,Burkina Faso,BFA,139.304,50.489,40.7,255.718687257319,0.0809789772544698,27.19965553,..,11.46739689,239.29110609194
2000,YR2000,Burundi,BDI,76.266,49.091,36.6,136.46397080034,0.0407595638789372,32.55393982,..,13.60329355,95.8285938967016
2000,YR2000,Cabo Verde,CPV,96.512,68.583,18.1,1259.35306724402,0.513805006329143,136.95896912,..,34.59472475,1072.32816295093
2000,YR2000,Cambodia,KHM,49.5172,58.432,35.2,300.613679010462,0.161247317103791,70.34794617,32.7430776567902,48.31669533,269.907737769173
2000,YR2000,Cameroon,CMR,154.7712,50.993,35.6,681.102042961201,0.335826918029355,83.44686127,175.261687163496,64.69634262,528.363359557084
2000,YR2000,Canada,CAN,16.8338,79.1365853658537,3.8,24271.0020563821,16.7576264276587,2429.60571289,17037.0722808289,403.44114226,19237.606657751
2000,YR2000,Cayman Islands,CYM,..,..,..,..,..,..,..,..,..
2000,YR2000,Central African Republic,CAF,149.054,44.19,49,251.832764026789,0.0659264409253765,27.27721214,..,12.83117074,225.718496934861
2000,YR2000,Chad,TCD,212.41,47.713,44.1,166.175708881786,0.034707037893144,45.39679337,..,25.52037901,139.847785410049
2000,YR2000,Channel Islands,CHI,13.656,79.037,..,43380.8029830685,..,..,..,..,..
2000,YR2000,Chile,CHL,60.3632,76.366,5.7,5100.25413288222,3.2863283656024,672.11029053,2499.2911776879,287.76378603,4085.0237964007
2000,YR2000,China,CHN,9.911,71.397,21.4,959.372483635864,2.65041242787957,128.20191956,992.943384720171,77.08183485,800.582412645383
2000,YR2000,Colombia,COL,97.6814,72.945,13.5,2520.48108876016,1.4721183831477,373.70169067,845.597516929425,51.16362162,2008.24448707819
2000,YR2000,Comoros,COM,94.8934,59.46,40.8,647.425811810504,0.184380058927867,130.8059845,..,104.36841066,592.476428435904
2000,YR2000,"Congo, Dem. Rep.",COD,125.4476,50.041,38.4,405.216218582649,0.0346029355602056,6.93158865,96.5697876462425,3.54082913,313.206492586816
2000,YR2000,"Congo, Rep.",COG,122.1396,52.123,30.7,1032.137575841,1.39092286932999,57.38006973,95.6059627424522,30.23914124,61.6812004284883
2000,YR2000,Costa Rica,CRI,74.9312,77.452,7.7,3789.05388636246,1.24925265668089,516.6998291,1506.92679051345,163.14731383,3392.85469295644
2000,YR2000,Cote d'Ivoire,CIV,137.767,49.635,45.8,1007.46738950787,0.394417143836457,194.06132507,173.993263914295,141.79125329,539.456913289763
2000,YR2000,Croatia,HRV,16.773,72.8078048780488,5.5,4887.71371564115,4.03732782609591,811.42340088,2828.81506218693,112.47344292,3987.99196950269
2000,YR2000,Cuba,CUB,52.9062,76.699,4.3,2747.10030348478,2.54798869322153,547.91278076,1137.92186401685,88.9228566,2365.63975179423
2000,YR2000,Curacao,CUW,41.2672,..,..,..,..,..,7291.19976094427,..,..
2000,YR2000,Cyprus,CYP,9.5572,78.009,3.7,14388.34765625,7.55866713029319,1136.26074219,3373.30698577741,635.19142612,11346.9306640625
2000,YR2000,Czechia,CZE,13.4416,74.9682926829268,2.7,6029.03819275358,12.0106526893106,923.91699219,5703.81673910731,94.21649731,4584.27836433112
2000,YR2000,Denmark,DNK,7.1736,76.5926829268293,3.5,30743.5476816354,9.85089564493027,2327.7578125,6482.48862839575,357.46056561,24600.5938248466
2000,YR2000,Djibouti,DJI,33.099,57.022,43.9,768.183570343678,0.515624107238666,70.82596588,..,36.35671475,760.454322196334
2000,YR2000,Dominica,DMA,..,..,12.9,4787.80144106777,1.8664752333094,346.76785278,..,114.51888335,3976.40953186036
2000,YR2000,Dominican Republic,DOM,107.8534,69.429,23.3,2869.17813861021,2.20390760964322,324.24505615,1327.77465416534,179.37282871,2664.14611882945
2000,YR2000,Ecuador,ECU,84.1908,72.761,14.1,1445.27932442901,1.73880499384794,194.50372314,634.880680520172,123.67178993,1001.72283224901
2000,YR2000,"Egypt, Arab Rep.",EGY,55.6848,68.602,22.4,1450.47624243298,1.66507919237804,299.894104,976.964622377226,187.40187281,1271.98599006128
2000,YR2000,El Salvador,SLV,91.262,68.875,15,2001.54004887966,0.956193433006167,396.9402771,614.986930890822,205.15617013,1835.69816633532
2000,YR2000,Equatorial Guinea,GNQ,183.0362,53.279,44.3,1725.55758427978,3.66227853112937,182.89834595,..,142.90491345,..
2000,YR2000,Eritrea,ERI,88.595,55.273,27,308.134186808579,0.279181805372767,72.85005951,75.030110193931,46.45501569,262.635680425773
2000,YR2000,Estonia,EST,26.2586,70.4170731707317,5.3,4070.60902410208,10.6801433086254,485.22485352,4540.49256076479,98.81418487,3406.05203571554
2000,YR2000,Eswatini,SWZ,108.631,47.49,25.3,1728.71049762741,0.686272169574869,217.65803528,..,40.32154274,1515.84163413768
2000,YR2000,Ethiopia,ETH,110.6438,51.941,48.6,124.460790874921,0.0537562894292379,21.06814003,22.755822519624,7.57553407,93.3180773583774
2000,YR2000,Faroe Islands,FRO,..,78.4365853658537,..,22856.7388330401,..,..,..,..,..
2000,YR2000,Fiji,FJI,42.88,65.687,10.1,2069.31745471458,0.998753407783618,216.50065613,..,23.46275421,1849.12587205926
2000,YR2000,Finland,FIN,10.1402,77.4658536585366,2.5,24345.9148217032,10.6448561099446,1896.23779297,15305.409808607,410.10053812,20023.603117462
2000,YR2000,France,FRA,7.6438,79.0560975609756,2.8,22419.6948211313,6.1255079006772,2516.92163086,7224.52698542992,183.0682091,19226.0261919869
2000,YR2000,French Polynesia,PYF,47.4068,72.303,..,14350.6158563333,..,..,..,..,..
2000,YR2000,Gabon,GAB,138.5048,58.264,26.9,4135.99238007722,4.94969304576268,402.45278931,880.035885274582,213.82347972,1739.24825751693
2000,YR2000,"Gambia, The",GMB,123.7992,55.956,40.6,594.149388499649,0.182134433425311,219.90188599,..,28.66757012,471.584086109462
2000,YR2000,Georgia,GEO,53.2282,69.902,22.8,749.908534993961,1.16994033304301,214.63078308,1574.3914041516,173.81731254,653.316056418347
2000,YR2000,Germany,DEU,12.6676,77.9268292682927,2.8,23694.7604830673,10.0993160227641,2692.23803711,6635.42140596667,330.83837721,19480.1321897908
2000,YR2000,Ghana,GHA,83.9638,57.002,35.8,258.471039929679,0.297735601449257,71.00151825,326.160533434308,37.35392677,191.41789348407
2000,YR2000,Gibraltar,GIB,..,..,..,..,..,..,3893.05363405296,..,..
2000,YR2000,Greece,GRC,11.0336,77.8878048780488,3.9,12072.9293569196,8.74159526062281,1418.19726563,4586.32987001065,514.4101227,..
2000,YR2000,Greenland,GRL,..,66.2224390243903,..,19004.1072910304,..,..,..,..,..
2000,YR2000,Grenada,GRD,55.2782,72.648,8,5056.97725886957,2.04206657137023,409.46511841,..,242.8231757,..
2000,YR2000,Guam,GUM,62.3426,75.011,..,..,..,..,..,..,..
2000,YR2000,Guatemala,GTM,111.514,67.849,21.3,1664.29895827045,0.812786389641685,273.99972534,332.189766467143,161.63241513,1490.61916025198
2000,YR2000,Guinea,GIN,168.9176,51.203,45.5,363.482279266615,0.180809114720956,53.71787262,..,35.08255222,307.384440431057
2000,YR2000,Guinea-Bissau,GNB,130.187,50.368,55.3,308.910318401872,0.124864210171439,76.28691101,..,28.76556076,245.743600921628
2000,YR2000,Guyana,GUY,97.1796,65.242,27,954.400318095334,2.22306145023958,160.96606445,..,64.7884917,764.819517018351
2000,YR2000,Haiti,HTI,68.519,57.131,29.8,805.025632473004,0.173680811531272,82.9757843,35.7995142135886,36.81920734,794.011956218061
2000,YR2000,Honduras,HND,116.1338,70.689,17.7,1093.10810013815,0.758991924873489,162.42904663,488.40141698773,74.6342308,976.410420325285
2000,YR2000,"Hong Kong SAR, China",HKG,4.3656,80.8780487804878,..,25756.6637783278,..,..,5446.66166541635,..,..
2000,YR2000,Hungary,HUN,22.8472,71.2463414634146,5.8,4624.28165670295,5.35012781840238,802.92376709,3309.2837106285,219.70937692,3455.93259456762
2000,YR2000,Iceland,ISL,19.7576,79.6536585365854,2.1,32096.3722613695,7.93015771412315,2667.52124023,26201.5255774257,518.22118441,..
2000,YR2000,India,IND,66.837,62.505,44.7,443.314193811316,0.887641212003517,86.04083252,393.646247811898,61.69302148,386.774494326452
2000,YR2000,Indonesia,IDN,50.3512,65.772,22.8,780.19020467518,1.32686364109103,95.60730743,390.423657513976,43.20974397,634.252084230306
2000,YR2000,"Iran, Islamic Rep.",IRN,37.3756,70.176,19.5,1670.0096735653,5.18793624779894,499.14764404,1546.50634742362,297.49279274,1229.36125509455
2000,YR2000,Iraq,IRQ,63.8182,69.082,23.9,2058.26440082449,3.7293187824504,..,1240.97838293112,..,1658.64421409118
2000,YR2000,Ireland,IRL,18.5508,76.5365853658537,4,26334.5672050501,11.1768870490548,1795.64294434,5796.05558116396,217.57966353,19882.7331822903
2000,YR2000,Isle of Man,IMN,..,..,..,20322.6820152294,..,..,..,..,..
2000,YR2000,Israel,ISR,16.6924,78.9536585365854,3.6,21061.4822833993,9.06344410876133,1793.57177734,6323.10383208777,528.92127054,16907.7015429451
2000,YR2000,Italy,ITA,6.8174,79.7780487804878,3.5,20137.5912217673,7.66216803916005,2050.03662109,5299.85647879422,542.53157207,17057.937932073
2000,YR2000,Jamaica,JAM,87.8926,74.142,17,3392.12387809462,3.78950826044996,358.76339722,2276.34179104365,106.30038649,2982.81505793074
2000,YR2000,Japan,JPN,5.1366,81.0760975609756,1.8,39169.3595701504,9.32341556096907,1908.95996094,8299.40950624,303.83701219,30029.8193856806
2000,YR2000,Jordan,JOR,37.1052,71.73,16,1651.6217976912,3.17618660437931,572.10028076,1289.60594397847,223.69320484,1504.56013639804
2000,YR2000,Kazakhstan,KAZ,34.3114,65.45,23.9,1229.00124667231,8.07262961324075,320.90682983,3169.52334061606,155.67380622,751.968261770996
2000,YR2000,Kenya,KEN,107.1176,50.921,28.2,397.482658777519,0.260288293687286,72.85281372,104.396879331067,34.3255355,319.682426345014
2000,YR2000,Kiribati,KIR,36.7252,63.144,28,796.803203566513,0.355429180735738,136.85792542,..,0.20607434,1219.84576534266
2000,YR2000,"Korea, Dem. People's Rep.",PRK,1.0744,65.268,27.3,..,3.13226724598346,..,712.370554106013,..,..
2000,YR2000,"Korea, Rep.",KOR,2.4844,75.909756097561,3.4,12256.9935679503,9.7144937391762,716.92938232,5906.95933303936,312.85694792,10061.7415419951
2000,YR2000,Kosovo,XKX,..,67.9512195121951,..,..,..,..,1557.05882352941,..,..
2000,YR2000,Kuwait,KWT,22.3212,73.142,6.6,18440.3785212446,24.3701723563815,1237.95166016,14066.1466327453,315.60581981,18624.687916829
2000,YR2000,Kyrgyz Republic,KGZ,45.622,68.5585365853659,20.6,279.619569260939,0.953372529805651,81.89558411,1696.06402090479,42.29615902,218.463688448316
2000,YR2000,Lao PDR,LAO,82.354,58.803,38.2,325.186937142965,0.169055324481972,81.15499115,..,36.34099521,247.686873164441
2000,YR2000,Latvia,LVA,19.1344,70.3146341463415,7.1,3361.64086880275,2.92707651369559,434.40893555,2082.32138708792,207.03547252,2394.04385964405
2000,YR2000,Lebanon,LBN,25.0224,74.507,11.7,4491.64193430433,4.07778339293437,955.8760376,2513.54880614889,552.40922361,3960.22944757045
2000,YR2000,Lesotho,LSO,86.9672,47.691,39.6,436.488137266071,0.191853129050745,67.33602142,..,26.75082348,499.502103555412
2000,YR2000,Liberia,LBR,148.8488,51.734,48.1,306.833864207408,0.150959452642089,42.15079117,..,29.54826341,178.05924249115
2000,YR2000,Libya,LBY,7.1272,70.852,15.1,7142.77178555264,8.34656459171544,618.06829834,2221.76889310779,317.01412334,..
2000,YR2000,Liechtenstein,LIE,..,76.8268292682927,..,74853.938729354,6.62970106075217,..,..,..,..
2000,YR2000,Lithuania,LTU,25.3534,72.0195121951219,4.5,3293.22997867086,3.00325528870113,521.96112061,2516.90509827589,141.72375666,2715.58977519454
2000,YR2000,Luxembourg,LUX,11.0842,77.8731707317073,2.3,48659.5988753233,19.6195278478111,3287.65161133,15668.1182672473,468.51930861,37689.8273806175
2000,YR2000,"Macao SAR, China",MAC,5.1294,80.407,..,15835.9910148095,..,..,..,..,..
2000,YR2000,Madagascar,MDG,151.7314,58.485,30.7,293.607157402594,0.104650237974641,57.91960907,..,22.40598664,247.482930716942
2000,YR2000,Malawi,MWI,157.79,45.09,39.1,156.385816790286,0.0636842638247101,24.80569839,..,2.70981193,122.609808234007
2000,YR2000,Malaysia,MYS,13.7106,72.594,4.8,4043.66292312877,5.36167322834985,353.66204834,2747.05991812109,143.94758231,2499.72575238244
2000,YR2000,Maldives,MDV,31.0428,70.173,22.4,2234.59586137462,1.64640868158456,818.67236328,..,515.71701528,1914.65320241569
2000,YR2000,Mali,MLI,188.1362,48.069,51,270.54300662038,0.128808906779624,62.01758957,..,42.67872629,241.111869636259
2000,YR2000,Malta,MLT,19.6294,78.3487804878049,5.2,10432.3281192942,5.46032039006683,1211.15734863,4311.8586366631,319.42612163,..
2000,YR2000,Marshall Islands,MHL,..,65.2390243902439,18.8,2272.67801552587,1.9702880561138,406.75265503,..,37.54028738,..
2000,YR2000,Mauritania,MRT,96.4362,60.706,42.5,676.569022381448,0.48284989413421,105.84822845,..,82.3719171,634.804918428373
2000,YR2000,Mauritius,MUS,36.4048,71.6634146341463,12.4,3929.07549503364,2.047396814992,273.36071777,1363.24610973541,120.27890214,3450.05938380989
2000,YR2000,Mexico,MEX,78.876,74.34,14.4,7157.81449985734,3.83397971958399,493.3996582,1800.46793804379,257.67126134,5916.70129754693
2000,YR2000,"Micronesia, Fed. Sts.",FSM,38.4866,64.55,20,2171.88957683534,1.21037195661282,170.15945435,..,8.20075769,2064.30866062737
2000,YR2000,Moldova,MDA,41.8018,67.006,20.4,440.672030653269,2.29497195927331,149.62202454,2039.13901955104,70.58055414,328.138566333326
2000,YR2000,Monaco,MCO,..,..,2.8,82365.492364536,..,1642.67700195,..,115.18771645,..
2000,YR2000,Mongolia,MNG,25.5016,62.869,23.7,474.217094319837,3.75404028585765,212.39509583,1053.63397356405,41.94703326,414.866876854153
2000,YR2000,Montenegro,MNE,18.628,73.1820731707317,8.6,1627.07263304394,2.51260434746673,..,..,..,..
2000,YR2000,Morocco,MAR,35.5236,68.684,28.4,1334.94348144531,1.14191757133303,143.94247437,490.038227843951,77.89816494,1168.49829101563
2000,YR2000,Mozambique,MOZ,183.1252,48.946,46.6,319.359620843667,0.0807365659012219,10.61423779,125.621579811342,4.04926532,253.941944122903
2000,YR2000,Myanmar,MMR,37.878,60.063,37.6,146.604578778661,0.202056100619486,19.54582024,75.2573357815798,16.74212951,7795.60789112361
2000,YR2000,Namibia,NAM,84.8626,52.192,23.4,2185.60411519312,1.08103108075804,503.86593628,1052.05498993359,33.67624037,1948.62713183848
2000,YR2000,Nauru,NRU,..,..,25.6,..,8.70827285921625,1157.08630371,..,29.52970198,..
2000,YR2000,Nepal,NPL,112.9564,62.288,39.3,229.490392563225,0.134496749710613,42.34119797,58.8110011156965,23.61878715,222.650144010333
2000,YR2000,Netherlands,NLD,6.7504,77.9878048780488,3.8,26214.498549887,10.1786360037507,2466.85009766,6507.10592493944,272.15661507,22552.0661962442
2000,YR2000,New Caledonia,NCL,27.4558,75.1634146341463,..,16039.1738824642,..,..,..,..,9813.57040711002
2000,YR2000,New Zealand,NZL,27.9774,78.6365853658537,3.5,13641.1027183822,7.63408248438189,1606.59533691,9384.3481867434,246.79867138,10755.9575570008
2000,YR2000,Nicaragua,NIC,118.6528,69.527,16.8,1007.499838655,0.743690955968367,145.81025696,344.820103722203,63.9858717,879.603634703281
2000,YR2000,Niger,NER,217.1594,49.928,43,197.832683441643,0.0591268934615451,36.32669067,32.7404141406466,21.97698016,198.324348109414
2000,YR2000,Nigeria,NGA,132.8236,46.267,46.4,567.930722076473,0.795035465557337,77.4000473,74.4906197877164,46.56546916,409.880592459837
2000,YR2000,North Macedonia,MKD,28.1426,72.9463414634147,9.6,1861.89806549945,4.32304389666148,543.62512207,2907.6911688504,228.79409653,1493.14382463172
2000,YR2000,Northern Mariana Islands,MNP,..,..,..,..,..,..,..,..,..
2000,YR2000,Norway,NOR,11.1134,78.6341463414634,2.7,38131.4606116242,7.63532664568678,2857.7734375,24993.7262954727,512.72944106,28079.7924719783
2000,YR2000,Oman,OMN,30.0226,72.126,7.3,8601.27194448996,11.0715603757188,1101.53527832,3201.97815406092,129.42507005,4478.47608093073
2000,YR2000,Pakistan,PAK,56.3922,62.82,56.8,576.195580353518,0.691074356333998,74.68946075,362.404815958581,45.95933494,504.432995998188
2000,YR2000,Palau,PLW,..,70.4936585365854,15.4,7657.95121440536,10.9924623115578,872.1618042,..,140.9924727,..
2000,YR2000,Panama,PAN,91.3934,75.06,14.7,4060.31779345702,1.74238276783443,587.76098633,1266.52747404328,161.27899901,3550.35500642124
2000,YR2000,Papua New Guinea,PNG,67.6438,59.265,30.2,602.186490344582,0.48396005875925,39.55804443,..,3.73540456,411.136867005647
2000,YR2000,Paraguay,PRY,86.9502,70.546,18.1,1663.60493919986,0.661256138692464,400.48007202,884.054371786004,196.62342145,1240.46926707077
2000,YR2000,Peru,PER,72.4538,71.111,16.1,1955.58800627896,1.08201287198491,216.82949829,666.176768930426,87.34198658,1701.70625912611
2000,YR2000,Philippines,PHL,51.948,68.793,16.5,1072.80175248718,0.924456670465829,105.08213043,499.347642597666,43.28854835,1084.4816991381
2000,YR2000,Poland,POL,16.9076,73.7487804878049,5.8,4501.45406742273,7.73080499042451,564.50708008,3256.18045539478,176.84438186,3835.48505561101
2000,YR2000,Portugal,PRT,20.2862,76.3146341463415,3.4,11526.3720667968,5.99228486035527,1630.77526855,3988.96082351837,419.35136548,9523.69848300196
2000,YR2000,Puerto Rico,PRI,68.2096,76.6892682926829,..,16192.1269719638,..,..,..,..,..
2000,YR2000,Qatar,QAT,20.4854,77.467,6.6,29976.1676344676,48.3740022651051,1944.83618164,14348.478480658,584.11889318,14985.7823763847
2000,YR2000,Romania,ROU,37.409,71.1634146341463,10.5,1659.90763954548,3.96649801846645,246.10160828,1987.66018990979,47.79225082,1284.68305745449
2000,YR2000,Russian Federation,RUS,30.5882,65.4836585365854,9,1771.59411621094,10.6676903174515,367.58203125,5198.40570401268,111.04236895,1277.56115722656
2000,YR2000,Rwanda,RWA,48.9988,48.649,43.2,260.607654653932,0.068064184021353,22.92061234,..,6.09397932,220.860510501551
2000,YR2000,Samoa,WSM,40.2346,68.748,8.7,1483.80741460389,0.859825512742614,147.5020752,..,17.63212299,..
2000,YR2000,San Marino,SMR,..,..,2.8,36604.4933810621,..,2827.89355469,..,717.97722796,..
2000,YR2000,Sao Tome and Principe,STP,112.9276,61.365,22.2,..,0.351459258842715,188.09107971,..,73.10968878,..
2000,YR2000,Saudi Arabia,SAU,27.3198,72.561,11.5,9171.33147630515,12.0819750830436,1679.69445801,5664.96836986736,310.11295974,7220.92014822545
2000,YR2000,Senegal,SEN,104.0724,57.787,38.2,613.732384491775,0.414381656324306,67.52839661,102.574769607371,37.55091933,536.70642261625
2000,YR2000,Serbia,SRB,27.104,71.5829268292683,7.8,914.785719885861,5.85257783502782,371.95291138,4198.71570574319,110.12925975,..
2000,YR2000,Seychelles,SYC,57.9036,72.7780487804878,8.7,7578.85105298845,3.57446598710727,659.05535889,..,117.89392907,6280.02130315294
2000,YR2000,Sierra Leone,SLE,160.9152,39.441,48.4,138.698722497148,0.0719805783312285,116.47589111,..,88.11829001,107.033548309845
2000,YR2000,Singapore,SGP,7.501,77.9512195121951,1.6,23852.3270285975,10.4570957427554,1465.14257813,7575.43595438502,705.8887591,20303.507629349
2000,YR2000,Sint Maarten (Dutch part),SXM,..,..,..,..,..,..,..,..,..
2000,YR2000,Slovak Republic,SVK,23.2876,73.0512195121951,5,5426.62428119306,7.06475749343072,602.40185547,4955.9078964949,65.29413685,3825.15445008063
2000,YR2000,Slovenia,SVN,7.1828,75.4121951219512,3.2,10201.3035366727,7.31048179292834,1406.26513672,5777.99565091695,186.65737091,8153.50774913483
2000,YR2000,Solomon Islands,SLB,70.517,67.442,12.8,1017.39966262942,0.581585547599142,77.14681244,..,4.16405713,908.868792580502
2000,YR2000,Somalia,SOM,127.0688,50.869,44.7,..,0.0552283806249824,..,..,..,..
2000,YR2000,South Africa,ZAF,70.2842,56.048,16.9,3374.71842279184,6.33031971183413,629.90075684,4579.95273186341,91.09321191,2819.03012588312
2000,YR2000,South Sudan,SSD,123.8528,49.166,56,..,0.0742007769789186,..,..,..,..
2000,YR2000,Spain,ESP,9.3164,78.9658536585366,2.8,14749.6874248766,7.23010706208244,1471.74304199,5167.80967319354,357.99144358,12755.2481606735
2000,YR2000,Sri Lanka,LKA,28.4064,71.333,9.7,869.696285031043,0.582076330710102,176.31602478,294.81926503304,70.60372998,799.500853103047
2000,YR2000,St. Kitts and Nevis,KNA,..,..,16.6,9565.94990912411,4.31005149377311,784.14538574,..,412.76471126,..
2000,YR2000,St. Lucia,LCA,60.667,73.319,11.4,5950.04748459261,2.48824463910883,450.46051025,..,265.1630368,5038.60604846036
2000,YR2000,St. Martin (French part),MAF,..,76.8731707317073,..,..,..,..,..,..,..
2000,YR2000,St. Vincent and the Grenadines,VCT,69.2202,70.809,13.1,3970.29362248818,1.48440906602837,267.28091431,..,72.91254094,3371.1685299591
2000,YR2000,Sudan,SDN,116.3534,58.472,37.1,366.172729492188,0.208615803347378,76.29737091,79.559981241443,47.16906012,..
2000,YR2000,Suriname,SUR,84.4904,67.822,17.1,2012.28165067815,3.14262417612285,494.38250732,2265.66215940749,76.11721137,1508.27396496806
2000,YR2000,Sweden,SWE,6.7206,79.6439024390244,2.3,29624.9126748618,6.00533649890911,2173.66259766,15681.6152732118,314.36547664,25023.0197661556
2000,YR2000,Switzerland,CHE,5.4812,79.6804878048781,3.5,38952.0342005572,6.08414239482201,3362.19799805,7845.63454779552,1043.64699516,33243.816000401
2000,YR2000,Syrian Arab Republic,SYR,60.0856,73.11,12.1,4910.77774789534,2.70552763059701,144.85440063,1064.9054250521,93.17862302,4008.28755693189
2000,YR2000,Tajikistan,TJK,45.6764,61.974,28.4,138.429146735759,0.353906622381151,45.22412491,2161.56512951615,35.79567313,..
2000,YR2000,Tanzania,TZA,134.261,50.801,33.7,410.952362060547,0.0880618649228308,36.56941605,59.1059296770186,14.06832155,340.977386474609
2000,YR2000,Thailand,THA,43.44,70.623,12.4,2007.7352707452,2.61291667216683,226.48118591,1448.07273290005,77.42392694,1582.0858848656
2000,YR2000,Timor-Leste,TLS,61.6138,59.002,37.8,415.085948577851,..,..,..,..,..
2000,YR2000,Togo,TGO,94.9228,53.491,36.7,302.958591951416,0.257899125295518,36.65238953,95.2399131996834,28.15386834,267.704255088711
2000,YR2000,Tonga,TON,21.7608,69.667,7.1,2091.11300904714,1.02080398521876,109.1031723,..,19.50810402,1940.21730881518
2000,YR2000,Trinidad and Tobago,TTO,40.7776,69.413,18,6435.13421201268,8.04950286428144,626.67248535,3993.18475424157,359.36899829,4497.84751010696
2000,YR2000,Tunisia,TUN,7.5222,73.172,18.3,2211.8350154787,2.13218583966972,301.83569336,976.479312080625,116.59871375,1706.75358450022
2000,YR2000,Turkiye,TUR,49.0298,70.005,18.2,4337.47800296354,3.421874277556,443.08084106,1652.74630078629,126.72291677,3585.9541910591
2000,YR2000,Turkmenistan,TKM,24.8256,63.613,29.6,643.175438078932,8.52721623479228,174.61721802,1692.15752963601,87.32062446,239.534047873205
2000,YR2000,Turks and Caicos Islands,TCA,..,..,..,..,..,..,..,..,..
2000,YR2000,Tuvalu,TUV,..,..,24.3,1605.00548368643,1.06473594548552,596.15618896,..,0.61966686,..
2000,YR2000,Uganda,UGA,171.6676,46.229,32.3,261.869141644962,0.0549679179746741,48.75408554,..,21.02841832,208.508309830158
2000,YR2000,Ukraine,UKR,34.9826,67.6756097560976,11,658.3486328125,6.04719734019298,226.96138,2778.40025215296,109.83263697,491.532440185547
2000,YR2000,United Arab Emirates,ARE,26.3898,74.327,5.9,33291.3662541838,27.0351591079578,2325.35400391,12314.0315762235,513.51805371,30318.3298409671
2000,YR2000,United Kingdom,GBR,28.0886,77.7414634146342,3.8,28223.0675706515,9.01455828494603,1904.53564453,6114.52925918564,337.3489065,24420.1249496287
2000,YR2000,United States,USA,46.1652,76.6365853658537,4.6,36329.9560727102,20.4698066603918,4543.43603516,13671.0520240061,686.62151205,31226.4908786912
2000,YR2000,Uruguay,URY,65.7322,74.731,8.5,6875.02546946372,1.64471008821791,1026.14782715,2031.18683605373,258.24758432,6114.54268376542
2000,YR2000,Uzbekistan,UZB,27.8296,67.156,27.8,558.226802377,5.02263654950832,159.16203308,1780.45792360367,96.73412503,427.463988648525
2000,YR2000,Vanuatu,VUT,59.946,67.363,12,1470.63586995743,0.486581172552497,74.44516754,..,7.85559012,1263.48279960477
2000,YR2000,"Venezuela, RB",VEN,92.8978,72.112,11.1,4842.03660114822,5.43640703758433,862.45428467,2667.60921971976,355.78461144,3655.4539489961
2000,YR2000,Vietnam,VNM,28.6456,73.025,15,390.093330934266,0.640842655658472,96.36966705,286.620976082829,35.84152189,338.989603125184
2000,YR2000,Virgin Islands (U.S.),VIR,55.4724,76.619512195122,..,..,..,..,..,..,..
2000,YR2000,West Bank and Gaza,PSE,81.1304,71.022,17.1,1476.17185000238,..,..,..,..,..
2000,YR2000,"Yemen, Rep.",YEM,95.856,60.683,37,554.448665276054,0.863343023875312,138.13606262,142.741677600143,60.07993926,328.46511211716
2000,YR2000,Zambia,ZMB,159.9716,44,34.3,345.689620749861,0.173772088976686,117.65068817,597.545570050217,31.28341377,248.477778409605
2000,YR2000,Zimbabwe,ZWE,100.2418,44.649,24.6,563.057504105969,1.15305481252255,..,897.867791240184,..,469.336073653081
2014,YR2014,Afghanistan,AFG,88.061,62.966,41.9,614.223342360392,0.146235617051388,198.2940979,..,144.8655851,564.388374620507
2014,YR2014,Albania,ALB,20.2948,77.813,5.9,4578.63320812155,1.66833737091547,618.11419678,2309.36650255581,322.32034946,3844.33754444835
2014,YR2014,Algeria,DZA,10.962,75.878,15.7,5493.05669453687,3.79563225080737,851.35174561,1362.87188408252,226.95722317,4124.11702648667
2014,YR2014,American Samoa,ASM,..,..,..,11525.1563872309,..,..,..,..,..
2014,YR2014,Andorra,AND,..,..,1.8,41302.3821426181,5.80712772328595,2888.26171875,..,401.6787878,..
2014,YR2014,Angola,AGO,160.6504,58.776,31.7,5094.11232930191,1.09977911107656,199.09458923,312.228894512622,53.50899481,3608.61733359011
2014,YR2014,Antigua and Barbuda,ATG,45.3128,76.349,4.5,13501.5809223367,5.18571324378432,1118.01074219,..,283.34503887,..
2014,YR2014,Argentina,ARG,63.253,75.913,6.9,12334.7982453893,4.20909563279429,1905.10473633,3074.70207056563,515.18046769,10231.5976670644
2014,YR2014,Armenia,ARM,23.5012,74.273,7.8,3986.23162376713,1.8816077373473,1021.58044434,1961.61039526467,842.61350403,3647.61254544618
2014,YR2014,Aruba,ABW,26.1768,75.583,..,26895.0571665314,..,..,..,..,23123.0138976336
2014,YR2014,Australia,AUS,12.0672,82.3,2.4,62511.6905895284,15.8304215213482,4283.14208984,10071.3989785006,831.00242243,48664.3861871184
2014,YR2014,Austria,AUT,8.0144,81.490243902439,2.3,51786.3771747905,7.26040422807808,5082.53710938,8355.84195182134,970.67184942,42460.5501443412
2014,YR2014,Azerbaijan,AZE,51.8792,72.022,14.7,7891.31314749986,3.38119922010786,590.92828369,2202.39391828846,387.5144142,6039.28902601888
2014,YR2014,"Bahamas, The",BHS,31.6786,72.847,7.5,30154.7386172007,6.79932541228063,1847.06616211,..,523.1875701,26579.0315751242
2014,YR2014,Bahrain,BHR,13.743,76.624,3.2,24989.437527708,22.6634328263841,2252.00732422,19596.9830989774,589.48544631,17072.1395883866
2014,YR2014,Bangladesh,BGD,86.3478,71.231,24.8,1118.87380783368,0.413092687473676,89.45163727,320.209923304099,62.55483324,1089.14940344306
2014,YR2014,Barbados,BRB,39.0454,78.717,9.5,16488.5257320926,4.45887819161418,1061.96179199,..,465.09386829,14070.204955391
2014,YR2014,Belarus,BLR,18.6266,72.9707317073171,1.6,8341.39967861093,6.29728586979012,1025.96032715,3690.1036829597,358.00190107,6920.55272198231
2014,YR2014,Belgium,BEL,5.4778,81.2878048780488,2.3,47764.0715120833,8.04171121528318,4771.91357422,7709.12307788247,922.3337795,39498.7967846
2014,YR2014,Belize,BLZ,71.0022,73.782,10.4,4744.10894523227,1.35836495098896,445.17614746,..,99.11808496,3483.94512492786
2014,YR2014,Benin,BEN,92.2574,60.345,32.3,1291.41018480579,0.504528170142496,75.57946777,100.225151769168,33.26444391,1144.1801464522
2014,YR2014,Bermuda,BMU,..,80.7973170731707,..,98467.683993982,..,..,..,..,..
2014,YR2014,Bhutan,BTN,24.867,70.046,19.3,2652.22565438023,0.973502632043912,290.48846436,..,61.49998462,2176.96740066689
2014,YR2014,Bolivia,BOL,69.6934,69.891,17.6,3081.87882365163,1.90631555037106,416.08087158,742.538399742886,128.58711554,2464.17964488687
2014,YR2014,Bosnia and Herzegovina,BIH,11.091,76.723,4.7,5330.35507751851,5.59718738347374,1082.85534668,3446.76468780675,313.18718358,4413.11745126553
2014,YR2014,Botswana,BWA,47.3144,66.265,23.3,7495.22086608805,3.34670888808258,912.5057373,1815.55372233998,33.91870733,5903.84096193815
2014,YR2014,Brazil,BRA,62.0762,74.745,9.7,12112.8349554875,2.52323213718715,1319.8001709,2619.96049944708,371.92293949,10407.2088217505
2014,YR2014,British Virgin Islands,VGB,..,..,..,..,..,..,..,..,..
2014,YR2014,Brunei Darussalam,BRN,12.7734,75.193,5,41725.8675220155,17.2776477109705,1557.80786133,10290.9380200987,114.25897007,32374.6353577503
2014,YR2014,Bulgaria,BGR,42.1976,74.4658536585366,4.3,7901.78587639382,5.82092471406323,1349.41772461,4708.92745757231,543.01838146,6642.99020615026
2014,YR2014,Burkina Faso,BFA,110.9764,59.45,28.8,792.84623742527,0.180825362380399,84.61976624,..,28.83712535,677.863151881053
2014,YR2014,Burundi,BDI,58.65,59.665,24.4,274.857836231788,0.038601013442359,56.84440994,..,17.37021337,192.834962291649
2014,YR2014,Cabo Verde,CPV,76.6942,71.886,12.6,3588.62558418407,0.964736935532419,306.21734619,..,78.69495771,2978.55983672458
2014,YR2014,Cambodia,KHM,49.3604,68.273,17.2,1093.49597573908,0.455006519311665,213.46783447,271.36720493612,125.13863415,936.085778539496
2014,YR2014,Cameroon,CMR,114.8954,57.083,29.9,1604.21403479187,0.363726896563521,125.86016083,275.197974345394,80.93346956,1275.52006778258
2014,YR2014,Canada,CAN,10.2512,81.8,3.6,50955.9983232404,15.8499054086669,4659.25244141,15588.4871464315,680.12557101,41719.0524752756
2014,YR2014,Cayman Islands,CYM,..,..,..,74990.4327442868,..,..,..,..,..
2014,YR2014,Central African Republic,CAF,134.7086,50.129,43.2,424.449131659484,0.0291207472186052,35.41543961,..,17.80893411,344.863632334902
2014,YR2014,Chad,TCD,171.368,52.789,36.1,1020.28797948927,0.165403427778442,71.96820831,..,40.10155049,732.95126810271
2014,YR2014,Channel Islands,CHI,8.0034,82.252,..,..,..,..,..,..,..
2014,YR2014,Chile,CHL,48.702,79.504,5.2,14606.9967241905,4.31106093819938,1779.0222168,3879.67342023065,609.64832388,11802.9531234658
2014,YR2014,China,CHN,7.4802,75.629,5.8,7636.11660125502,7.29423550644745,587.25231934,3905.31759800563,214.72782676,5799.90123760631
2014,YR2014,Colombia,COL,70.6512,76.322,8.7,8114.3439208516,1.68626496146612,946.68365479,1312.1994929878,154.09178457,6512.78683862931
2014,YR2014,Comoros,COM,70.808,63.214,33.6,1513.8303792438,0.223863893109126,142.14111328,..,93.24022373,1363.56709866416
2014,YR2014,"Congo, Dem. Rep.",COD,127.2944,58.828,30,486.787095119436,0.0696784315423369,33.80978012,108.516704082675,13.08993113,310.868492196322
2014,YR2014,"Congo, Rep.",COG,115.8992,62.582,21.1,3781.51573466687,1.09563825302075,117.02796173,202.8725143631,36.49670916,2309.62853437178
2014,YR2014,Costa Rica,CRI,57.2442,79.398,6.3,10847.1696673041,1.63281816988943,1231.36047363,1942.49060034742,300.61579156,9833.77340491416
2014,YR2014,Cote d'Ivoire,CIV,121.6986,55.508,36.8,2156.64588308807,0.406222759198612,161.29421997,274.730223927651,82.49138721,1467.47318219927
2014,YR2014,Croatia,HRV,10.1756,77.4780487804878,3.1,13762.3728630599,3.83164446942416,1475.16796875,3714.38298844207,166.32935537,11238.2163831559
2014,YR2014,Cuba,CUB,52.8886,78.521,2.5,7133.33767875907,2.36050370035326,2706.48632813,1450.8828186377,260.87490439,6173.60343679733
2014,YR2014,Curacao,CUW,32.2284,77.9756097560976,..,19552.660553207,..,..,4797.67043595944,..,..
2014,YR2014,Cyprus,CYP,4.9294,80.178,1.7,27163.33203125,5.90993462864135,2077.87841797,3624.93350238697,937.35141483,22661.11328125
2014,YR2014,Czechia,CZE,11.24,78.8243902439024,1.6,19890.9199056648,9.26430284305406,2472.17553711,6258.89103703659,348.13157122,14292.8183830278
2014,YR2014,Denmark,DNK,4.3108,80.7,3,62548.9847332908,6.34715307409428,4886.55126953,5858.80153628748,673.10048521,53767.1984921232
2014,YR2014,Djibouti,DJI,20.5636,63.171,34.7,2464.29490507649,0.445083888253306,127.26846313,..,28.83843133,2072.33516772455
2014,YR2014,Dominica,DMA,..,..,23.9,7317.48614321654,2.53196617226593,574.21606445,..,205.25240269,6687.27788526159
2014,YR2014,Dominican Republic,DOM,96.2568,73.003,24.4,6608.82550130065,2.11014429086853,774.95141602,1615.51460662485,329.23171407,5938.29102872387
2014,YR2014,Ecuador,ECU,81.3508,75.923,7.5,6377.09392877257,2.6203886322938,787.590271,1376.39363303224,261.18916124,5072.2919719782
2014,YR2014,"Egypt, Arab Rep.",EGY,54.983,71.117,12.8,3379.55798627058,2.42323250904485,547.54180908,1683.21325769203,301.81255027,2927.13363330242
2014,YR2014,El Salvador,SLV,71.8926,72.175,7.8,3589.04288461991,1.04684199272133,555.60797119,937.074472242326,157.07995125,2995.21697212137
2014,YR2014,Equatorial Guinea,GNQ,162.3144,57.001,32.5,19394.0818360782,7.04819580210173,738.92962646,..,550.36396817,6176.73761810922
2014,YR2014,Eritrea,ERI,57.2114,64.201,20.2,..,0.196288983343261,80.79001617,96.6345799596792,42.53344398,..
2014,YR2014,Estonia,EST,12.7578,77.0341463414634,1.5,20261.0667303886,13.6473080298184,1769.96166992,6732.36747315611,400.40857449,16450.5498873397
2014,YR2014,Eswatini,SWZ,78.564,53.569,22.4,4039.15934079483,0.68491774594483,638.40100098,..,67.35446704,3298.71141262532
2014,YR2014,Ethiopia,ETH,73.4776,64.547,33.1,566.92640288853,0.125797367240432,61.05818176,69.1987454026874,23.49157652,433.320234713579
2014,YR2014,Faroe Islands,FRO,..,81.5926829268293,..,60484.3407300749,..,..,..,..,..
2014,YR2014,Fiji,FJI,47.283,67.03,9.4,5605.60914844185,1.48883885783323,382.22973633,..,76.04985896,4598.21487501177
2014,YR2014,Finland,FIN,6.779,81.1804878048781,1.4,50327.2402902632,8.45187190789146,4084.43017578,15249.9893802302,720.38920943,41088.833078949
2014,YR2014,France,FRA,5.8796,82.719512195122,2.4,43068.5487241739,4.61605285360078,4644.62597656,6939.94352490927,458.41799801,36132.0952203324
2014,YR2014,French Polynesia,PYF,40.1706,76.546,..,..,..,..,..,..,..
2014,YR2014,Gabon,GAB,102.1904,64.318,22.2,9663.42411002585,3.16381615581846,389.31878662,1167.85159366621,109.51463506,5975.72596182739
2014,YR2014,"Gambia, The",GMB,85.8098,60.667,30.1,607.429904651813,0.256912290104634,90.23688507,..,16.59818919,439.060491760785
2014,YR2014,Georgia,GEO,49.552,72.707,7.3,4739.18833846421,2.2772405188099,843.29345703,2693.97276022513,556.3680143,4039.26471061111
2014,YR2014,Germany,DEU,8.0758,81.090243902439,2.3,48023.8699845462,9.08850689674467,5195.20996094,7035.48297471676,675.41968098,40289.4685840892
2014,YR2014,Ghana,GHA,69.71,62.416,26.8,2012.26424719728,0.554280564866176,223.64501953,351.301475730666,100.75350386,1502.4514884958
2014,YR2014,Gibraltar,GIB,..,..,..,..,..,..,5692.93719978651,..,..
2014,YR2014,Greece,GRC,8.0126,81.3853658536585,2.6,21616.7100094908,6.38517866075752,2100.17016602,5062.60642155232,779.13618294,18007.6534650641
2014,YR2014,Greenland,GRL,..,71.9856097560976,..,50484.9275739023,..,..,..,..,..
2014,YR2014,Grenada,GRD,32.8856,72.503,10.5,8370.04047206067,2.29568411386593,622.54486084,..,323.04753453,..
2014,YR2014,Guam,GUM,35.904,78.895,..,34843.2055749129,..,..,..,..,..
2014,YR2014,Guatemala,GTM,75.5146,72.935,13.9,3779.64233613025,0.911388462727746,439.16339111,601.189731088787,243.97932858,3189.45784470447
2014,YR2014,Guinea,GIN,141.6414,59.016,32.4,787.238564407157,0.200879386236062,86.40129089,..,50.42314588,617.57543950795
2014,YR2014,Guinea-Bissau,GNB,106.6092,56.556,40.2,623.313091387687,0.159533648143729,147.85882568,..,81.89677282,490.89787372867
2014,YR2014,Guyana,GUY,79.59,69.049,20.8,5407.14736611728,2.69855672114809,432.32339478,..,155.43600302,4799.65784415375
2014,YR2014,Haiti,HTI,55.21,62.069,27.5,1435.13647023104,0.286282868228878,134.05033875,39.0558087600094,41.57613357,1367.7133140797
2014,YR2014,Honduras,HND,77.2212,74.278,10.9,2206.05439745471,1.05632478236717,352.40264893,619.837087026981,171.5770444,1892.64604653659
2014,YR2014,"Hong Kong SAR, China",HKG,2.8946,83.9804878048781,..,40315.2855640552,..,..,6083.2699356802,..,..
2014,YR2014,Hungary,HUN,21.7806,75.7634146341463,2.9,14298.833667395,4.11798842991385,1808.3972168,3965.95823348335,512.87788778,11220.619363507
2014,YR2014,Iceland,ISL,8.1236,82.8609756097561,1.2,54576.7448146565,6.26172149180564,3771.12475586,53832.4790919587,678.0585056,43168.2348136783
2014,YR2014,India,IND,22.102,68.286,27,1573.88564182956,1.65723127096964,189.44381714,804.5163492833,126.95387317,1367.7061573475
2014,YR2014,Indonesia,IDN,49.2346,70.481,14.8,3491.63749125449,1.89673363766561,304.6796875,811.909858168648,137.85930134,2626.13634183417
2014,YR2014,"Iran, Islamic Rep.",IRN,36.9966,75.502,10.4,5943.04810717544,7.81441898015545,1029.78173828,3022.12193878822,434.51095977,4406.91643896593
2014,YR2014,Iraq,IRQ,76.389,69.7,17.5,6637.68437454551,3.89515843133828,398.98904419,1328.23049342541,246.72345536,5106.86559316937
2014,YR2014,Ireland,IRL,9.4728,81.3487804878049,2.5,55599.850799684,7.62816275260038,4898.44287109,5672.06413410796,700.95728708,38481.2090017156
2014,YR2014,Isle of Man,IMN,..,..,..,92334.6463139171,..,..,..,..,..
2014,YR2014,Israel,ISR,10.7686,82.1536585365854,2.1,37847.6499432106,7.87760035306828,2560.2097168,6600.8982801222,589.10506763,32564.7375467657
2014,YR2014,Italy,ITA,5.6324,83.090243902439,2.2,35565.7213771496,5.38747546025491,3210.07373047,5002.40667987736,723.54945484,29028.5054948501
2014,YR2014,Jamaica,JAM,57.5552,74.042,11.4,4834.28400949801,2.50075041892628,441.40905762,1050.73253900597,94.51177402,4342.65151130144
2014,YR2014,Japan,JPN,4.1994,83.5878048780488,0.9,38475.3952461838,9.56283977432658,4214.34863281,7819.71463590936,542.37319638,30074.244169378
2014,YR2014,Jordan,JOR,27.2012,73.969,10.6,4131.44735046027,2.86472801419969,661.85900879,1864.93238681072,138.26747904,3802.44401147016
2014,YR2014,Kazakhstan,KAZ,30.686,71.44,6.2,12807.2606866152,12.1024147697437,734.925354,5600.20846486508,174.92630178,8915.96280910767
2014,YR2014,Kenya,KEN,81.723,64.135,22.9,1462.22005213295,0.324410689093295,164.95001221,164.325260117957,48.20136404,1061.23446801773
2014,YR2014,Kiribati,KIR,19.1512,66.995,24,1625.99130015561,0.548511236791351,190.14231873,..,0.22402489,2942.56398286502
2014,YR2014,"Korea, Dem. People's Rep.",PRK,0.2986,71.198,12.1,..,1.24631884149719,..,601.689063358453,..,..
2014,YR2014,"Korea, Rep.",KOR,1.6112,81.7219512195122,1.7,29249.5752209742,11.5887437408533,2293.31298828,10496.5136719641,776.55938417,23851.7499921776
2014,YR2014,Kosovo,XKX,..,71.0975609756098,..,3902.67601270818,..,..,2818.33723068165,..,..
2014,YR2014,Kuwait,KWT,8.9452,75.019,5,44062.3409134598,23.1838021963582,2043.60705566,15590.6125785335,284.66077867,40088.0323302501
2014,YR2014,Kyrgyz Republic,KGZ,39.516,70.4024390243902,15.1,1279.76978265986,1.66395339527838,314.5553894,1941.22183189101,177.17098848,980.324143125921
2014,YR2014,Lao PDR,LAO,66.7636,66.144,25.5,1999.95820314913,0.653637810956188,135.00566101,..,68.6901562,1535.82632826974
2014,YR2014,Latvia,LVA,15.6418,74.1243902439024,2.9,15742.3913381908,3.65135215876578,1296.15466309,3507.40452065472,506.87434561,11931.9337059677
2014,YR2014,Lebanon,LBN,15.6844,78.732,5,7681.65794445012,4.01690062946835,1129.73132324,2588.86454435888,401.86996363,6199.67188802547
2014,YR2014,Lesotho,LSO,90.4976,49.891,44.1,1194.5756269342,0.298515065861776,266.04830933,..,41.94934267,1118.50572751829
2014,YR2014,Liberia,LBR,137.81,61.723,32.3,739.91193501652,0.279848099512658,125.04706573,..,63.94609388,358.729328054955
2014,YR2014,Libya,LBY,5.9826,71.981,7.4,9017.93368003086,9.11657410462275,..,1811.05460057695,..,5696.28602299771
2014,YR2014,Liechtenstein,LIE,..,82.0731707317073,..,178864.851913785,4.29887950841562,..,..,..,..
2014,YR2014,Lithuania,LTU,12.3984,74.5170731707317,2.4,16551.018202078,3.70349265855099,1738.9708252,3821.1451704374,547.64991536,14166.5983046846
2014,YR2014,Luxembourg,LUX,5.7332,82.2292682926829,1.6,123678.702143275,17.3461622172356,5573.94482422,13914.6784488756,619.17741808,75737.0708272146
2014,YR2014,"Macao SAR, China",MAC,2.876,83.543,..,93022.8751422537,..,..,..,..,..
2014,YR2014,Madagascar,MDG,115.8552,65.133,22.7,530.861038866614,0.127596995886131,68.89710999,..,19.55547268,417.782876325028
2014,YR2014,Malawi,MWI,139.6142,61.042,23.7,371.269521706741,0.0521806939935025,104.79103851,..,8.57493336,284.792385748047
2014,YR2014,Malaysia,MYS,13.255,75.268,4.1,11319.0619448482,7.92356499752546,926.00524902,4651.95141356202,305.99538761,7946.2306381179
2014,YR2014,Maldives,MDV,9.6016,77.36,5.9,8499.30714783649,3.14929498266364,1264.7199707,..,355.85219754,6906.38814200137
2014,YR2014,Mali,MLI,174.9938,57.036,35.6,848.278991630744,0.199595937197726,85.83843231,..,28.7998029,721.205623788516
2014,YR2014,Malta,MLT,13.1238,82.0463414634146,4.4,26754.2684451944,5.43080531274497,3157.4831543,4924.54401944044,1151.16545277,..
2014,YR2014,Marshall Islands,MHL,..,..,16.9,3185.26135389889,2.62315733627938,440.62750244,..,56.36731656,..
2014,YR2014,Mauritania,MRT,75.8298,63.654,35.2,1677.10901942794,0.737745687206887,148.92012024,..,70.91699439,1388.06228037045
2014,YR2014,Mauritius,MUS,27.3226,74.1943902439024,9.3,10153.9382184867,3.13259857191869,1018.6237793,2182.50915591141,511.14791823,9345.38836421066
2014,YR2014,Mexico,MEX,63.728,74.908,8.3,10928.9160089988,3.84063365932087,1002.76757813,2157.32378751727,409.85143173,8533.49660929969
2014,YR2014,"Micronesia, Fed. Sts.",FSM,16.7032,67.152,15.6,2971.51260191356,1.30300436130492,331.73342896,..,8.96547812,3004.00536564579
2014,YR2014,Moldova,MDA,24.4262,71.267,11.7,3328.79433016779,2.69868217439821,611.93859863,1725.61647911234,234.67112126,3244.35748767621
2014,YR2014,Monaco,MCO,..,..,1.9,189432.370013147,..,3684.35766602,..,216.74368372,..
2014,YR2014,Mongolia,MNG,28.3458,68.863,9.8,4158.52147149753,6.16303290563975,461.77474976,2006.38683369437,161.40169719,3177.52899069311
2014,YR2014,Montenegro,MNE,11.7232,76.4414634146341,2.6,7387.87103632234,3.57022246121843,1220.36669922,4612.34139045689,477.3487508,6780.67762231289
2014,YR2014,Morocco,MAR,32.5844,75.477,15.3,3171.69921875,1.71646537588045,354.12332153,904.441863880812,195.85641401,2772.978515625
2014,YR2014,Mozambique,MOZ,154.9374,56.062,31.8,673.969476342085,0.184887949289665,72.12837219,478.920643963949,7.51916934,542.133598047192
2014,YR2014,Myanmar,MMR,29.2992,65.378,25.9,1210.09765357091,0.325932191179405,176.17637634,215.298858380481,116.33878974,1042.99113082135
2014,YR2014,Namibia,NAM,72.84,61.425,21.8,5469.90140003637,1.73746585447854,880.18109131,1652.57193328483,79.54097264,4763.75582600982
2014,YR2014,Nauru,NRU,..,..,22,10171.4807258872,4.85955882447838,1007.28991699,..,13.22720894,..
2014,YR2014,Nepal,NPL,71.6898,69.168,22.4,844.853124854118,0.264996836556306,149.59086609,146.473003661416,89.82563497,815.773948508347
2014,YR2014,Netherlands,NLD,4.184,81.7073170731707,2.6,52900.537415323,8.88170306744788,5213.54980469,6712.774758245,604.09746503,43409.8361406518
2014,YR2014,New Caledonia,NCL,16.5478,77.2365853658537,..,39675.5819387796,..,..,..,..,..
2014,YR2014,New Zealand,NZL,21.4654,81.4048780487805,3.3,44572.8987536626,7.07848982914967,3467.03344727,9012.73109708845,445.52852204,36295.0168146337
2014,YR2014,Nicaragua,NIC,90.3624,73.429,12.4,1934.06292227225,0.774899292217739,394.20755005,568.313718288957,139.27394176,1674.49252541829
2014,YR2014,Niger,NER,195.061,60.07,27.4,564.596748802018,0.111745309652862,50.71801758,51.1949419189486,27.72933294,560.509114326356
2014,YR2014,Nigeria,NGA,113.162,52.672,37.3,3098.98579063938,0.650945532985441,184.40228271,144.525438464076,132.50077522,2554.41663917614
2014,YR2014,North Macedonia,MKD,17.1006,75.4512195121951,7.9,5495.73504918897,3.72435686365862,840.85235596,3513.95497204072,294.10171071,4362.55110582155
2014,YR2014,Northern Mariana Islands,MNP,..,..,..,15044.9358962767,..,..,..,..,..
2014,YR2014,Norway,NOR,5.6798,82.1,1.7,97019.1827527462,7.61304932507459,6192.90380859,22999.9345951283,890.4486689,77788.5042546757
2014,YR2014,Oman,OMN,14.2182,76.634,5,23017.9339840457,16.4851739931165,1368.84619141,6445.58141960219,79.13513208,10455.1709350576
2014,YR2014,Pakistan,PAK,40.4238,66.36,46.2,1251.17571867949,0.789739105585084,115.37597656,447.505156703301,76.7537339,1149.11745815925
2014,YR2014,Palau,PLW,..,..,10.9,13711.7617021277,12.4822694359096,2012.49841309,..,280.20661371,..
2014,YR2014,Panama,PAN,84.8478,77.583,9.8,12796.0740376761,2.75804728945777,1584.81506348,2064.17791352702,482.44868032,10993.0848470128
2014,YR2014,Papua New Guinea,PNG,55.0064,63.181,24.3,2920.78298571159,0.741185071460888,123.04714203,..,7.32777055,2414.43375103496
2014,YR2014,Paraguay,PRY,71.9578,73.473,12.3,6118.31811031962,0.853091846387849,759.10656738,1552.38468713804,336.940337,5358.39783645474
2014,YR2014,Peru,PER,60.1436,75.529,8.4,6672.8773725884,1.76701033037894,577.32281494,1345.87900741141,182.21084189,5708.81675282203
2014,YR2014,Philippines,PHL,56.029,70.481,14.3,2959.64543521349,1.01300190934071,257.77166748,696.346786987655,135.01222778,2978.72285357854
2014,YR2014,Poland,POL,12.815,77.6024390243903,3,14271.3058536202,7.51688948127014,1626.76696777,3971.79976131055,374.33604757,12050.9419937177
2014,YR2014,Portugal,PRT,10.2004,81.1219512195122,2.1,22103.7009703321,4.41589525234787,2678.61450195,4662.60079980294,785.76470167,17770.5858405156
2014,YR2014,Puerto Rico,PRI,38.9956,79.2024634146342,..,28981.4573305866,..,..,..,..,..
2014,YR2014,Qatar,QAT,10.7296,79.646,4,83858.3404554095,33.2058951082951,3127.25561523,14781.6242829991,177.20236808,58781.550598887
2014,YR2014,Romania,ROU,36.421,74.909756097561,4.7,10043.6774497614,3.59335357757559,1035.37133789,2584.41178726443,210.32223538,8039.92064657987
2014,YR2014,Russian Federation,RUS,24.1316,70.7436585365854,4.4,14095.6484375,11.2082025675772,1348.15075684,6602.65747938354,482.98457724,10995.6728515625
2014,YR2014,Rwanda,RWA,39.9726,66.884,20.2,742.966243370171,0.0775919163574597,119.28153229,..,14.40707266,593.942073157757
2014,YR2014,Samoa,WSM,26.505,72.549,7.5,3937.18629813855,1.09249814506029,367.9239502,..,40.45375147,3369.42488762284
2014,YR2014,San Marino,SMR,..,..,1.1,50817.3308247802,..,3744.2746582,..,661.84905811,..
2014,YR2014,Sao Tome and Principe,STP,98.1116,69.052,12,1770.46768807179,0.61309884337772,256.9666748,..,38.43793754,1258.22016204545
2014,YR2014,Saudi Arabia,SAU,9.1756,74.533,4.9,24464.2125566118,17.4831633194387,2913.33203125,9401.48566774946,382.69151623,19438.3919221123
2014,YR2014,Senegal,SEN,79.2506,66.37,24.2,1396.65733855586,0.604596605992365,124.43912506,229.351649483518,62.77738348,1217.29402503319
2014,YR2014,Serbia,SRB,17.1408,75.3365853658537,4.2,6600.05680854589,5.46379410085142,1352.35632324,4271.7446669105,540.19536059,4752.37904429011
2014,YR2014,Seychelles,SYC,61.6054,73.2292682926829,8.9,15188.1890475154,5.1445396601091,1097.77722168,..,327.72817321,12012.151275899
2014,YR2014,Sierra Leone,SLE,121.0864,52.372,35.7,714.699795733977,0.163884124538561,352.65808105,..,123.31863859,612.664082833844
2014,YR2014,Singapore,SGP,3.7574,82.4951219512195,1,57562.5307937678,8.11741168766082,3235.42553711,8844.68759301201,1077.33346951,47493.6171944319
2014,YR2014,Sint Maarten (Dutch part),SXM,..,77.0682926829268,..,33043.6883812669,..,..,..,..,..
2014,YR2014,Slovak Republic,SVK,23.752,76.8121951219512,3.1,18655.7901089421,5.61763652417007,1999.39172363,5137.07383519398,360.04907291,15141.7911722073
2014,YR2014,Slovenia,SVN,4.3484,81.0780487804878,1.5,24247.1733184083,6.35796644811162,2625.7019043,6727.99930164211,340.90660636,18923.6038499819
2014,YR2014,Solomon Islands,SLB,78.003,71.896,9.5,2274.96625122036,0.579138418468859,124.44995117,..,3.47924245,2015.64156065003
2014,YR2014,Somalia,SOM,106.2596,55.509,40.8,374.114780718262,0.0484222846631602,..,..,..,205.236226629511
2014,YR2014,South Africa,ZAF,70.3488,61.968,11,6988.80873854682,8.21224115619332,1070.67114258,4198.04611982095,60.6426136,5721.22912290502
2014,YR2014,South Sudan,SSD,71.6604,56.552,40.3,1322.82036383331,0.144956615468536,..,43.5817283414443,..,877.351568981806
2014,YR2014,Spain,ESP,8.4732,83.2292682926829,2,29500.7894328615,5.18406700444856,3045.22485352,5355.98700558221,704.53192332,24558.1419767781
2014,YR2014,Sri Lanka,LKA,21.4786,76.147,5.5,3819.25352972265,0.847049782532953,405.77105713,531.090576571374,197.53965819,3450.01716192347
2014,YR2014,St. Kitts and Nevis,KNA,..,..,11.4,18789.6345021562,4.52969915259818,1183.40612793,..,635.94099238,..
2014,YR2014,St. Lucia,LCA,42.7128,75.44,12.6,9843.30853424047,2.86023538314961,654.40539551,..,340.00267434,7614.11261547516
2014,YR2014,St. Martin (French part),MAF,..,79.1731707317073,..,21459.319127858,..,..,..,..,..
2014,YR2014,St. Vincent and the Grenadines,VCT,52.3128,72.01,11,7081.06547783663,2.48006770335485,492.4569397,..,163.07432629,5169.65066578471
2014,YR2014,Sudan,SDN,73.602,64.169,30,2022.72424316406,0.424460119781307,255.95248413,256.756229063841,171.56950401,1162.20397949219
2014,YR2014,Suriname,SUR,63.956,71.133,13.1,9471.92200052426,4.73541309352456,835.66394043,3596.74521669034,242.19838741,7082.93845182816
2014,YR2014,Sweden,SWE,5.2782,82.2536585365854,1.6,60020.3604576572,4.0304825162931,5193.20019531,13480.148224391,774.77079464,51086.3259045472
2014,YR2014,Switzerland,CHE,3.207,83.1975609756098,3,89684.7075795936,4.8591655248048,6846.42919922,7520.16602494502,1782.57773899,69888.3820460863
2014,YR2014,Syrian Arab Republic,SYR,41.4096,69.821,10.8,1179.85829624169,1.42218008767019,..,974.575471771222,..,966.431951532227
2014,YR2014,Tajikistan,TJK,53.0872,69.874,16.8,1104.17235837941,0.554961271906557,223.15707397,1499.48599437672,138.77025537,1193.7629866179
2014,YR2014,Tanzania,TZA,121.25,62.288,22.8,1030.07763671875,0.21436908223286,87.45562744,103.681777965553,22.72230624,822.537780761719
2014,YR2014,Thailand,THA,48.901,75.747,6.4,5951.88348654008,3.75226016397858,570.36523438,2538.79571262759,73.32661845,4524.02060232328
2014,YR2014,Timor-Leste,TLS,36.8246,68.197,22.4,1232.45033563734,0.451320001558136,206.88726807,..,16.35665721,..
2014,YR2014,Togo,TGO,90.6786,59.58,27.4,640.934219628827,0.222751569295784,90.96583557,154.665237320778,52.17531059,530.48103900592
2014,YR2014,Tonga,TON,15.826,70.427,5.4,4354.24436028041,1.08886094655627,298.46313477,..,34.07774537,4010.32972560082
2014,YR2014,Trinidad and Tobago,TTO,32.919,72.768,12.8,20290.5197094005,16.1780828939736,1544.84777832,7092.95864385978,661.68094987,15081.2632105366
2014,YR2014,Tunisia,TUN,7.6904,75.734,12,4543.9922759811,2.70717462387127,711.109375,1454.64307553107,270.25506679,3753.28020897071
2014,YR2014,Turkiye,TUR,29.3694,76.172,6.7,12157.9904337823,4.41076356068815,1041.94580078,2847.22389293323,184.68928544,10267.0078219403
2014,YR2014,Turkmenistan,TKM,25.6402,67.552,23,7962.24492480061,13.061794640398,741.70385742,2678.7654738358,505.9042917,..
2014,YR2014,Turks and Caicos Islands,TCA,..,..,..,23778.5191258375,..,..,..,..,21795.0151368406
2014,YR2014,Tuvalu,TUV,..,..,13,3532.27831244697,0.911327784241555,554.41442871,..,3.61059513,..
2014,YR2014,Uganda,UGA,126.6672,60.669,22.7,883.528744499561,0.111347325172227,121.65574646,..,48.84044767,655.891499715579
2014,YR2014,Ukraine,UKR,26.2562,71.1865853658537,5.8,3104.64331054688,5.25113053989895,736.28735352,3418.56931705593,354.65960138,2647.71655273438
2014,YR2014,United Arab Emirates,ARE,12.6804,77.095,4.2,43751.8173110723,20.0516979702415,2672.52563477,11088.3418625766,475.91875306,39335.0579993357
2014,YR2014,United Kingdom,GBR,16.4354,81.3048780487805,2.7,47787.2412984884,6.4332077800625,4124.46435547,5130.39025330028,656.96099823,39592.1547386144
2014,YR2014,United States,USA,24.7062,78.8414634146341,4,55123.8497869046,16.0409210313094,8939.39648438,12993.9655794706,1066.66680535,47523.0036713461
2014,YR2014,Uruguay,URY,59.8826,77.244,5.2,16831.9481943721,1.91151789518942,1762.25927734,3085.18988283572,301.26600818,13393.2742492106
2014,YR2014,Uzbekistan,UZB,23.79,70.671,11.2,2628.46000757936,3.4095528191829,290.91595459,1645.44162925056,132.10466731,2185.61051881617
2014,YR2014,Vanuatu,VUT,51.3012,69.719,12.2,2926.67995992932,0.606317818255173,103.53594971,..,9.15413175,2706.05428896398
2014,YR2014,"Venezuela, RB",VEN,86.8268,72.762,11.3,16055.6453173826,5.96612077949689,1045.80285645,2719.13834892439,311.46848227,11810.4928520667
2014,YR2014,Vietnam,VNM,34.0082,75.056,11.2,2545.41676778941,1.97211211956742,332.25540161,1423.69991010082,138.62449866,1599.65130426881
2014,YR2014,Virgin Islands (U.S.),VIR,39.003,78.8682926829268,..,33045.3643795999,..,..,..,..,..
2014,YR2014,West Bank and Gaza,PSE,57.5816,73.303,12.1,3352.11259506043,..,..,..,..,..
2014,YR2014,"Yemen, Rep.",YEM,64.744,66.066,28.1,1674.00257166372,1.06221128242536,176.79798889,219.799896900062,135.10366019,1422.19204129011
2014,YR2014,Zambia,ZMB,130.0624,60.831,25.4,1762.42781692474,0.304549551881669,135.53363037,717.34730460338,18.73039673,1409.72051723286
2014,YR2014,Zimbabwe,ZWE,99.7598,58.41,28.2,1434.89627731806,0.889104126290036,212.49003601,609.124651957685,52.76499943,1231.14042787479